/R0/PLUS X,/R0/PLUS Y
0,1.175948227682966e-15
1.2e-06,1.4175327578414e-15
3.6e-06,1.200817223434569e-15
8.399999999999899e-06,1.165290086646564e-15
1.79999999999999e-05,1.175948227682966e-15
3e-05,1.179500941361766e-15
4.2e-05,1.179500941361766e-15
5.4e-05,1.175948227682966e-15
6.59999999999999e-05,1.179500941361766e-15
7.79999999999999e-05,1.179500941361766e-15
8.99999999999999e-05,1.179500941361766e-15
0.0001019999999999999,1.175948227682966e-15
0.0001139999999999999,1.175948227682966e-15
0.0001259999999999999,1.175948227682966e-15
0.0001379999999999999,1.179500941361766e-15
0.0001499999999999999,1.175948227682966e-15
0.0001619999999999999,1.179500941361766e-15
0.0001739999999999999,1.175948227682966e-15
0.0001859999999999999,1.175948227682966e-15
0.0001979999999999999,1.175948227682966e-15
0.0002099999999999999,1.179500941361766e-15
0.0002219999999999999,1.175948227682966e-15
0.0002339999999999999,1.175948227682966e-15
0.0002459999999999999,1.175948227682966e-15
0.0002579999999999999,1.179500941361766e-15
0.0002699999999999999,1.175948227682966e-15
0.0002819999999999999,1.175948227682966e-15
0.000294,1.179500941361766e-15
0.0003,1.179500941361766e-15
0.0003000000107716026,1.186606368719367e-15
0.0003000000191719996,1.175948227682966e-15
0.0003000000235796297,1.186606368719367e-15
0.0003000000284822088,1.20792265079217e-15
0.0003000000332740643,1.186606368719367e-15
0.0003000000393516176,1.154631945610163e-15
0.0003000000496213969,1.151079231931362e-15
0.0003000000649413387,1.13686837721616e-15
0.0003000000725431452,1.147526518252562e-15
0.0003000000793989222,1.147526518252562e-15
0.0003000000897708196,1.161737372967764e-15
0.0003000000992612902,1.161737372967764e-15
0.000300000107832299,1.13686837721616e-15
0.0003000001145393302,1.122657522500958e-15
0.0003000001204730586,1.129762949858559e-15
0.0003000001252620957,1.154631945610163e-15
0.0003000001304047237,1.108446667785756e-15
0.0003000001358402632,1.104893954106956e-15
0.0003000001425795308,1.126210236179759e-15
0.000300000143735216,1.129762949858559e-15
0.0003000001448202427,1.104893954106956e-15
0.000300000146386422,1.186606368719367e-15
0.0003000001476865585,1.168842800325365e-15
0.0003000001489654146,1.154631945610163e-15
0.0003000001505329161,1.158184659288963e-15
0.0003000001527218379,1.147526518252562e-15
0.0003000001567829484,1.154631945610163e-15
0.0003000001636935921,1.143973804573761e-15
0.0003000001695301659,1.126210236179759e-15
0.0003000001744623564,1.143973804573761e-15
0.0003000001803618855,1.165290086646564e-15
0.0003000001861622744,1.151079231931362e-15
0.0003000001905914831,1.165290086646564e-15
0.0003000001941632526,1.158184659288963e-15
0.0003000001970084685,1.165290086646564e-15
0.0003000002,1.175948227682966e-15
0.0003000002012450003,1.151079231931362e-15
0.0003000002026189928,1.154631945610163e-15
0.0003000002046065389,1.218580791828572e-15
0.0003000002077923433,1.20792265079217e-15
0.0003000002102000393,1.215028078149771e-15
0.000300000212884943,1.129762949858559e-15
0.0003000002161740746,1.097788526749355e-15
0.0003000002196551679,1.080024958355352e-15
0.0003000002240138601,1.119104808822158e-15
0.0003000002297072245,1.122657522500958e-15
0.0003000002355796725,1.111999381464557e-15
0.0003000002415453187,1.115552095143357e-15
0.0003000002441711455,1.111999381464557e-15
0.0003000002468329892,1.122657522500958e-15
0.0003000002493910984,1.097788526749355e-15
0.0003000002518491362,1.101341240428155e-15
0.0003000002555508211,1.119104808822158e-15
0.0003000002586370548,1.101341240428155e-15
0.0003000002614005964,1.119104808822158e-15
0.0003000002651099628,1.168842800325365e-15
0.0003000002685477623,1.211475364470971e-15
0.0003000002725977909,1.197264509755769e-15
0.0003000002778488812,1.158184659288963e-15
0.00030000028221839,1.151079231931362e-15
0.0003000002864204943,1.147526518252562e-15
0.000300000290670275,1.168842800325365e-15
0.0003000002943521939,1.143973804573761e-15
0.0003000002990338671,1.13686837721616e-15
0.0003000003061573196,1.13686837721616e-15
0.0003000003136677559,1.183053655040567e-15
0.0003000003194158555,1.218580791828572e-15
0.0003000003244310083,1.264766069652978e-15
0.0003000003290572899,1.293187779083382e-15
0.0003000003332726524,1.335820343228988e-15
0.0003000003374179974,1.357136625301791e-15
0.0003000003399987641,1.389111048410996e-15
0.0003000003425795308,1.399769189447397e-15
0.0003000003435471728,1.399769189447397e-15
0.000300000344591317,1.385558334732195e-15
0.0003000003464526649,1.431743612556602e-15
0.000300000348308244,1.474376176702208e-15
0.0003000003500892941,1.524114168205415e-15
0.0003000003523979448,1.570299446029821e-15
0.000300000355961895,1.652011860642233e-15
0.0003000003603073272,1.751487843648647e-15
0.0003000003640176883,1.847411112976261e-15
0.0003000003673390089,1.939781668625074e-15
0.0003000003705556795,2.003730514843483e-15
0.0003000003742488261,2.117417352565098e-15
0.0003000003774081947,2.231104190286715e-15
0.0003000003799293618,2.312816604899126e-15
0.0003000003834397803,2.501110429875553e-15
0.0003000003860631533,2.597033699203166e-15
0.0003000003880988589,2.710720536924782e-15
0.0003000003900737986,2.820854660967598e-15
0.000300000392279634,2.938094212368015e-15
0.0003000003943777917,3.023359340659226e-15
0.0003000003967793304,3.137046178380842e-15
0.0003000003997369147,3.300471007605666e-15
0.0003000004035235843,3.566924533515703e-15
0.0003000004067568159,3.790745495280134e-15
0.0003000004092567491,3.943512183468556e-15
0.0003000004114535387,4.099831585335778e-15
0.0003000004148001166,4.320099833421409e-15
0.0003000004179095372,4.590106073010247e-15
0.0003000004209551434,4.831690603168682e-15
0.0003000004244179294,5.172751116333529e-15
0.0003000004278906967,5.478284492710373e-15
0.0003000004306152344,5.734079877584009e-15
0.0003000004327866993,5.933031843596836e-15
0.0003000004350283729,6.163958232718869e-15
0.0003000004369535397,6.338041202980094e-15
0.0003000004392617141,6.579625733138528e-15
0.0003000004433163169,6.966871524127783e-15
0.0003000004474686936,7.364775456153438e-15
0.0003000004522397215,7.812417379682301e-15
0.0003000004573358242,8.206768598029157e-15
0.0003000004623795077,8.515854688084802e-15
0.0003000004671795353,8.80007178238884e-15
0.0003000004716876655,8.967049325292464e-15
0.0003000004760118708,9.098499731408083e-15
0.0003000004814397267,9.158895863947691e-15
0.0003000004879883703,9.062972594620078e-15
0.0003000004930335308,8.878231483322452e-15
0.000300000496905654,8.65441052155802e-15
0.0003000005014794933,8.355982572538778e-15
0.0003000005060358194,8.093081760307541e-15
0.0003000005105088248,7.819522807039903e-15
0.0003000005134585585,7.631228982063476e-15
0.000300000516196101,7.510436716984259e-15
0.0003000005199312051,7.492673148590256e-15
0.0003000005232967725,7.631228982063476e-15
0.0003000005267990134,7.940315072119119e-15
0.0003000005317470372,8.878231483322452e-15
0.0003000005385823501,1.155697759713803e-14
0.0003000005458009009,1.697841867098759e-14
0.0003000005534009379,2.684430455701659e-14
0.0003000005623576091,4.650146934181976e-14
0.0003000005713670428,7.877787311372231e-14
0.0003000005811923086,1.342534972081921e-13
0.0003000005919303009,2.289475276029407e-13
0.0003000006033325523,3.837712370113877e-13
0.0003000006128494844,5.692122329037374e-13
0.0003000006223302689,8.2010132018695e-13
0.0003000006344479912,1.267892457690323e-12
0.0003000006459463346,1.861607756836747e-12
0.0003000006613742538,3.007460946946594e-12
0.0003000006761398821,4.594976843463883e-12
0.0003000006946712778,7.518387690197414e-12
0.0003000007105746522,1.109510350261189e-11
0.0003000007258768282,1.572702501562162e-11
0.0003000007410328727,2.174470026261588e-11
0.0003000007563621644,2.958978129186107e-11
0.0003000007719524292,3.972798978679748e-11
0.0003000007893651777,5.40843885232789e-11
0.0003000008060012277,7.121895961859081e-11
0.0003000008216189602,9.06981476589408e-11
0.0003000008405480463,1.191456782123623e-10
0.0003000008664034956,1.670618736682172e-10
0.0003000008854467305,2.090420672118398e-10
0.0003000009034393613,2.536366814354096e-10
0.0003000009251408767,3.127974181893478e-10
0.0003000009520063509,3.910363943759876e-10
0.000300000983828159,4.825613650893956e-10
0.0003000010214573538,5.688570610118404e-10
0.0003000010593583954,5.997819307879127e-10
0.0003000010865489873,5.66867985440922e-10
0.0003000011146453077,4.610943484806285e-10
0.0003000011399538071,2.83477262996712e-10
0.0003000011605580397,6.786137163317108e-11
0.000300001195696737,-4.898472170111745e-10
0.0003000012353943559,-1.479866128306639e-09
0.0003000012808723479,-3.205180643561789e-09
0.0003000013243585365,-5.575493865705994e-09
0.0003000013631577522,-8.393512558768634e-09
0.0003000013989707689,-1.167219489417448e-08
0.0003000014346546843,-1.566871899072453e-08
0.0003000014731176623,-2.088429451063689e-08
0.0003000015159967474,-2.792380935190408e-08
0.0003000015636564359,-3.741007528645923e-08
0.0003000016136846069,-4.941419574677753e-08
0.0003000016619982972,-6.314523729500366e-08
0.0003000017125043088,-7.989561827770331e-08
0.0003000017358215656,-8.848331777144836e-08
0.0003000017575885981,-9.70348094178064e-08
0.0003000017805898056,-1.065791978902553e-07
0.0003000017970535651,-1.137669334489999e-07
0.0003000018121140179,-1.206005577678582e-07
0.0003000018271039592,-1.276505390919169e-07
0.0003000018469620024,-1.373760055933815e-07
0.0003000018666407098,-1.474520745112784e-07
0.0003000018871564279,-1.584261582614488e-07
0.0003000019149357965,-1.740580500353417e-07
0.0003000019408302655,-1.89453164107789e-07
0.0003000019665498577,-2.055094472979136e-07
0.0003000019937701038,-2.233583474122725e-07
0.0003000020222914605,-2.430108804851727e-07
0.0003000020523994739,-2.648129616211747e-07
0.0003000020821337077,-2.874140430222383e-07
0.00030000211195995,-3.111539827571619e-07
0.0003000021422280596,-3.363418041537613e-07
0.0003000021731284648,-3.631944991582259e-07
0.0003000022124527682,-3.990895242509396e-07
0.0003000022540554716,-4.390374817830889e-07
0.0003000022967911189,-4.822321067621261e-07
0.0003000023412561118,-5.294906860839888e-07
0.0003000023880297893,-5.816967024223629e-07
0.0003000024377933307,-6.400248660298757e-07
0.0003000024911030792,-7.056414107431408e-07
0.0003000025492157667,-7.807872212772793e-07
0.0003000026099727684,-8.632937311823241e-07
0.0003000026536957136,-9.251066577071754e-07
0.0003000026890397768,-9.765390179339305e-07
0.000300002732465601,-1.041478348863478e-06
0.0003000027849140824,-1.122412204484391e-06
0.0003000028302138516,-1.194464344802526e-06
0.0003000028755387183,-1.268494950334542e-06
0.0003000029281676654,-1.35681180087488e-06
0.0003000029811177038,-1.448135742759149e-06
0.0003000030361354506,-1.545561922583261e-06
0.0003000030957055728,-1.653845198259063e-06
0.0003000031601581905,-1.774127941523318e-06
0.0003000032265263436,-1.901211168895855e-06
0.0003000032970558722,-2.039666754622971e-06
0.0003000033385651463,-2.122725877192977e-06
0.0003000033839211175,-2.214749874003275e-06
0.0003000034180238555,-2.284784271683549e-06
0.0003000034438493678,-2.338287263313532e-06
0.0003000034660435251,-2.384580213213638e-06
0.000300003486032198,-2.426515206117585e-06
0.0003000035061339721,-2.4689143615646e-06
0.0003000035283891037,-2.516115320879919e-06
0.0003000035563853563,-2.575871370805061e-06
0.0003000035809902402,-2.62872650037238e-06
0.000300003607716232,-2.686492914921956e-06
0.0003000036296750073,-2.734223708998229e-06
0.000300003649502435,-2.777525289655358e-06
0.0003000036694358765,-2.821249103764245e-06
0.0003000036910963982,-2.868973364638094e-06
0.0003000037171001293,-2.926551724826254e-06
0.0003000037533650394,-3.007353507872068e-06
0.000300003790387522,-3.090424000472325e-06
0.0003000038267194496,-3.172501403877703e-06
0.0003000038618576978,-3.252383843481255e-06
0.000300003910369472,-3.363440049280797e-06
0.000300003968111753,-3.496727904714447e-06
0.0003000040300216727,-3.640878584192819e-06
0.0003000040955894732,-3.794841565614604e-06
0.000300004162189715,-3.952477843537139e-06
0.0003000042201591915,-4.090625186062624e-06
0.0003000042780494456,-4.229374453569079e-06
0.0003000043467151715,-4.394862868547733e-06
0.0003000044181424279,-4.567936547125839e-06
0.0003000044898695368,-4.742566342596178e-06
0.0003000045629040223,-4.921105342184262e-06
0.0003000046386376415,-5.106882481602071e-06
0.0003000047199645065,-5.306954169387979e-06
0.0003000048117164579,-5.533182523226543e-06
0.0003000049104785703,-5.777098769506495e-06
0.0003000050124600316,-6.029165898514321e-06
0.000300005117630305,-6.289069061569564e-06
0.0003000052259310321,-6.55644777595299e-06
0.0003000053374994217,-6.831390674051363e-06
0.0003000054525150519,-7.114034141768145e-06
0.0003000055709401727,-7.404059507116756e-06
0.0003000056928192026,-7.701301356355827e-06
0.0003000058182112997,-8.005564725415582e-06
0.0003000059472143105,-8.316897444991866e-06
0.0003000060802230204,-8.635985551496361e-06
0.0003000062177586776,-8.963719769230493e-06
0.0003000063606075248,-9.301808283915137e-06
0.0003000065097579233,-9.652291626064624e-06
0.0003000066666405133,-1.001813342389468e-05
0.0003000068333388729,-1.040383495858777e-05
0.0003000069988417389,-1.078393359889418e-05
0.0003000071585092673,-1.114814082470161e-05
0.0003000073108009882,-1.149333312988077e-05
0.0003000074512862344,-1.181009081098239e-05
0.0003000075358587942,-1.200000499309795e-05
0.0003000076130199634,-1.217291210118887e-05
0.000300007733412041,-1.244191798270222e-05
0.0003000078607517537,-1.272554360541278e-05
0.0003000080013351443,-1.303771656710495e-05
0.0003000081605241948,-1.339016423505157e-05
0.000300008335166674,-1.377574586724251e-05
0.0003000085130856595,-1.416757112573563e-05
0.0003000086971181952,-1.457192507801963e-05
0.0003000088826317157,-1.497861636168096e-05
0.0003000090701306342,-1.538864380388105e-05
0.0003000092602747356,-1.580316184674757e-05
0.000300009452291111,-1.62199294716423e-05
0.0003000096467822887,-1.663919729612573e-05
0.0003000098443467627,-1.706012573741234e-05
0.0003000100515121958,-1.749150331299987e-05
0.0003000102686529652,-1.792082667281036e-05
0.000300010502655853,-1.832271928283191e-05
0.0003000107536325398,-1.857833854277047e-05
0.0003000110309107846,-1.832014823477479e-05
0.0003000113292221326,-1.663568556514861e-05
0.0003000116486561181,-1.216969080682517e-05
0.0003000119894588395,-3.224506781947412e-06
0.0003000122088298291,5.66027080131093e-06
0.0003000124160421464,1.738907478641849e-05
0.0003000126859003657,3.960404061490052e-05
0.0003000130049667205,7.901435525526069e-05
0.000300013289455276,0.0001281424284996326
0.0003000135607667762,0.0001883062772588637
0.0003000138549715004,0.000268470853941821
0.0003000141599105365,0.0003672901851610177
0.0003000145050675743,0.0004966517713864462
0.0003000148858214997,0.000657734554542099
0.0003000152602083426,0.0008312067891184221
0.0003000156286550397,0.001012774063436179
0.000300016021286722,0.001214032063580625
0.0003000164448090217,0.001435727616530659
0.0003000168959929139,0.001672646500880386
0.000300017229802151,0.001846263114361601
0.0003000176346960935,0.002052526611816958
0.0003000181364712636,0.002298761586510359
0.0003000185502602457,0.00249246783837123
0.0003000189636290602,0.002676820971968166
0.0003000193732777335,0.002851182920880014
0.0003000198161520113,0.003032671579023681
0.0003000202808607966,0.003218824028708735
0.0003000207779302592,0.003417789697288608
0.0003000213379699886,0.003648116019104151
0.0003000219343215779,0.003907561054411935
0.0003000225940622597,0.004219115715043018
0.0003000232955079553,0.004584870714299825
0.0003000240407889847,0.005016289704860231
0.0003000247267633902,0.00545278718139625
0.0003000253861465712,0.005906369476315554
0.0003000260460894582,0.00639067572444544
0.0003000267285252335,0.006919056375733675
0.0003000274515925745,0.00750358524644663
0.0003000282196935008,0.00814460192790629
0.0003000290384608569,0.008841033038856598
0.0003000299177459815,0.009599829773409816
0.0003000309190176178,0.01048521122522863
0.0003000318697804328,0.01135318400491918
0.0003000328311679098,0.01225708995945239
0.0003000337969589551,0.01318550140051198
0.0003000347854992971,0.01414783018207963
0.0003000358333431565,0.01517031009569866
0.0003000369766188377,0.01627601218896878
0.0003000382663174287,0.01749208842785797
0.00030003983421965,0.01889228956626068
0.0003000412618261591,0.02009675181327042
0.0003000429233931872,0.02143807906243597
0.0003000443987629772,0.02258671504481282
0.0003000458176997055,0.02365557481735179
0.000300047216570222,0.0246716969522553
0.0003000486567974646,0.02567404918508671
0.0003000501776012784,0.02667861504032035
0.0003000517390742363,0.02764546973847792
0.0003000532247413615,0.02849551045911897
0.0003000545225122448,0.02917149125227245
0.000300055615840833,0.02968199642561209
0.0003000565738039122,0.03007399284405864
0.0003000574428041749,0.03037310138708523
0.0003000581990980126,0.03058876815189402
0.0003000588471673456,0.03074807070899378
0.0003000594569751371,0.03088354623272349
0.0003000600856262881,0.03101398494099753
0.000300060761520401,0.03114769014195577
0.0003000615504466403,0.03129826981808196
0.0003000625239283878,0.03147852142662171
0.0003000637775788051,0.0317039013050951
0.0003000654155795565,0.03198884454811089
0.0003000673479150156,0.03231197058317803
0.0003000698715164714,0.0327112856504406
0.0003000712814061257,0.03291804118929085
0.0003000729797095305,0.03313347623485684
0.0003000742485867568,0.033263618825369
0.0003000755718365022,0.03337252857795023
0.0003000770812301365,0.03347133597023976
0.0003000784879390809,0.03354644514775999
0.000300079868409356,0.03360924768110999
0.0003000814196632106,0.03367062926695871
0.0003000832832539092,0.03373477668014207
0.0003000855690742892,0.03380269353614494
0.0003000882887395456,0.0338719809534313
0.0003000914365576495,0.03394063173271093
0.0003000950773783996,0.03400863618918724
0.0003000993345106445,0.03407662158216591
0.0003001034654951262,0.03413343240028689
0.0003001081204566259,0.03418881410566084
0.0003001130062474025,0.03423874397488733
0.0003001181214358891,0.0342835073901922
0.0003001235494802075,0.03432415750449522
0.0003001293519042376,0.03436147868334649
0.0003001356534720287,0.03439652754557714
0.0003001426279453544,0.03443028299371601
0.0003001504985718163,0.03446352775943184
0.0003001595473168787,0.03449682224146128
0.000300170131762019,0.03453050753295994
0.0003001827480686564,0.0345648012871478
0.0003001982063580582,0.03459999641522267
0.0003002156941866043,0.03463274433309432
0.0003002335346026124,0.03466008915077506
0.0003002517439770783,0.03468295242450406
0.0003002704090466274,0.0347019753723835
0.0003002798646731755,0.03471002016365886
0.0003002893440519106,0.0347168851276672
0.0003002933256536698,0.03471932598208344
0.0003002975703250019,0.03472143884061415
0.0003003009904015642,0.03472249356977276
0.0003003034934245437,0.03472265526188727
0.00030030559121213,0.03472219106337278
0.0003003074116157701,0.03472121126567352
0.0003003099711651939,0.0347187857418831
0.0003003126790044085,0.03471489371585497
0.0003003152470639051,0.03471004468633573
0.0003003178246900246,0.03470419395519232
0.0003003204072364932,0.03469750954932722
0.0003003230853333653,0.0346898811086942
0.0003003259997046415,0.0346809453723599
0.00030032962935343,0.03466896587063248
0.0003003326546480179,0.03465818493429005
0.000300334405048672,0.03465162662401986
0.0003003361126457927,0.03464508165279619
0.000300338211792773,0.0346370122563676
0.0003003406343190558,0.03462784400863895
0.0003003436189183456,0.03461686107272886
0.0003003472955084325,0.03460376207126881
0.0003003512630057363,0.03459000851075652
0.000300355539225541,0.03457543112517109
0.0003003602388871298,0.03455949732753034
0.0003003656731917995,0.03454098301832921
0.0003003722325746486,0.03451832035682943
0.0003003803332278651,0.03448968389746866
0.0003003898879776185,0.03445482426914914
0.0003004008587849314,0.03441313109946298
0.0003004121863651559,0.03436793956680238
0.0003004244766044942,0.03431600375062711
0.0003004368101145572,0.03426030415538166
0.0003004502444233821,0.03419470537721459
0.0003004640294997794,0.03412093067314404
0.0003004792390817311,0.03403004225035643
0.000300494886034527,0.03392337727268638
0.0003005095091876676,0.03380823793775622
0.0003005227876730715,0.03368747372748988
0.000300536677310922,0.03354138011351721
0.0003005495621221958,0.03338599377698222
0.0003005595567731187,0.03325245763472022
0.0003005682420461019,0.03312845229907069
0.0003005774491245282,0.03299116126321811
0.000300586858700987,0.03284747538486155
0.0003005958755045732,0.03270992059357711
0.0003006043437128095,0.03258417579046487
0.0003006125190620569,0.03246748457247096
0.0003006219873602786,0.03233786953173427
0.000300632143575885,0.03220575297338754
0.0003006437021982803,0.03206445541700973
0.0003006573918561142,0.03190795199554282
0.0003006704351284503,0.03176806199232921
0.0003006837235022871,0.03163401559757894
0.0003007002351303316,0.0314798784067679
0.0003007191478429912,0.03131962319930689
0.0003007273941464978,0.03125498877880446
0.0003007356510684506,0.03119317908378032
0.000300744623159879,0.03112898168525085
0.0003007527261805627,0.03107350538075124
0.0003007625653797117,0.03100921989119983
0.0003007777868494251,0.03091613604398168
0.0003007971959351148,0.03080779190904203
0.000300820201448024,0.03069308515547988
0.0003008450301321167,0.03058421234236184
0.0003008695198329326,0.03049117748755725
0.0003008986550512399,0.03039556458415684
0.0003009224062808528,0.03032762875866309
0.000300947293620039,0.03026496270201026
0.0003009739321575522,0.0302065371172433
0.000301003395066901,0.03015108844328973
0.000301036563145913,0.03009847021483495
0.0003010727306194747,0.0300509551265888
0.0003011118059608824,0.0300089044430114
0.0003011543204301706,0.02997222528929733
0.0003012045234668303,0.02993862276725047
0.0003012688477950654,0.02990700188062716
0.0003013423149275696,0.02988208793018096
0.0003014238011412868,0.02986399074755963
0.000301497433255397,0.02985352777588154
0.0003015669961951009,0.02984707240168625
0.0003016360376855563,0.02984280411955975
0.0003017056763196593,0.02983992787120294
0.0003017777156675906,0.02983794651064964
0.0003018535988728661,0.02983657323514173
0.0003019344746791034,0.02983563200025736
0.0003020214529680725,0.02983499867865344
0.000302115827643489,0.02983458363971838
0.0003022191029220496,0.02983432109677786
0.0003023332201532679,0.02983416254820754
0.0003024607885583094,0.02983407192828863
0.0003026052731087358,0.0298340239949404
0.0003027717567477437,0.02983400114748696
0.0003029674032295752,0.02983399190862885
0.0003032032273631275,0.02983398920310307
0.0003034971225256375,0.02983398907320112
0.0003038804016955722,0.02983398959867784
0.0003044141452682707,0.02983399004462036
0.0003052390181774316,0.02983399025481193
0.0003068018893189724,0.02983399029162978
0.000308735152763603,0.02983399026689965
0.0003110751102950609,0.0298339902564078
0.0003139561394994812,0.02983399025558949
0.000317534105047622,0.02983399025607328
0.0003220720091400353,0.02983399025619667
0.0003279322745519531,0.02983399025619326
0.000335771962364034,0.02983399025618941
0.0003463453437195163,0.02983399025618972
0.0003583453437195164,0.02983399025619011
0.0003703453437195164,0.02983399025619026
0.0003823453437195164,0.02983399025619035
0.0003943453437195164,0.02983399025619038
0.0004063453437195164,0.0298339902561904
0.0004183453437195165,0.02983399025619041
0.0004303453437195165,0.02983399025619042
0.0004423453437195165,0.02983399025619042
0.0004543453437195165,0.02983399025619042
0.0004663453437195166,0.02983399025619042
0.0004783453437195166,0.02983399025619042
0.0004903453437195166,0.02983399025619042
0.0005023453437195166,0.02983399025619042
0.0005143453437195165,0.02983399025619042
0.0005263453437195165,0.02983399025619042
0.0005383453437195165,0.02983399025619042
0.0005503453437195164,0.02983399025619042
0.0005623453437195164,0.02983399025619042
0.0005743453437195164,0.02983399025619042
0.0005863453437195163,0.02983399025619042
0.0005983453437195163,0.02983399025619042
0.0006000000000000001,0.02983399025619042
0.0006000000264424635,0.02983399026188226
0.0006000000457028812,0.02983398990311043
0.0006000000571177428,0.02983398978419078
0.0006000000690742973,0.02983398968986148
0.0006000000788910188,0.02983398962354483
0.0006000000923331425,0.02983398953979784
0.0006000001039804349,0.0298339894738717
0.0006000001155217116,0.0298339894148635
0.0006000001262619103,0.02983398936320803
0.0006000001348124994,0.02983398931986115
0.0006000001408434185,0.02983398928770117
0.0006000001427130192,0.02983398927762598
0.0006000001444021707,0.02983398926858695
0.0006000001463406202,0.02983398925838026
0.0006000001482322003,0.02983398924864907
0.0006000001504631161,0.02983398923751153
0.0006000001537336477,0.02983398922190872
0.000600000160274711,0.02983398919345451
0.0006000001712619007,0.02983398915431329
0.0006000001817463463,0.02983398912732106
0.0006000001886255489,0.02983398911516413
0.0006000001949419735,0.02983398910785939
0.0006000002,0.0298339891046357
0.0006000002014776263,0.02983398910405722
0.0006000002032188211,0.02983398910337451
0.0006000002067012106,0.02983398910215778
0.0006000002098871968,0.02983398910158193
0.000600000212536803,0.02983398910177217
0.0006000002156357252,0.02983398910302802
0.0006000002184974169,0.02983398910527362
0.0006000002233838529,0.0298339891114766
0.0006000002270958722,0.02983398911805154
0.000600000230946358,0.02983398912640907
0.0006000002372662768,0.0298339891431142
0.0006000002435636812,0.02983398916307106
0.0006000002489836763,0.02983398918258734
0.0006000002533883237,0.02983398919983306
0.0006000002580542147,0.02983398921924727
0.0006000002625984966,0.02983398923910914
0.0006000002683831082,0.02983398926539273
0.0006000002711481808,0.02983398927826011
0.0006000002738022191,0.02983398929074963
0.0006000002778940002,0.02983398931018684
0.000600000281114107,0.02983398932557757
0.0006000002843210228,0.02983398934091865
0.0006000002872410121,0.02983398935482882
0.0006000002904570504,0.02983398936997742
0.0006000002954879006,0.02983398939321821
0.0006000003025327382,0.02983398942451804
0.0006000003082503401,0.02983398944851304
0.000600000313324137,0.02983398946839141
0.0006000003184979786,0.02983398948702151
0.000600000323026341,0.02983398950190074
0.0006000003278084354,0.02983398951613132
0.000600000332532207,0.02983398952861427
0.0006000003374788808,0.02983398953982412
0.0006000003408434184,0.02983398954622397
0.0006000003420609541,0.02983398954820333
0.0006000003433164287,0.02983398955012836
0.0006000003452804503,0.02983398955279562
0.0006000003472780799,0.02983398955501715
0.0006000003492493874,0.02983398955667148
0.0006000003518635271,0.02983398955795006
0.0006000003561340873,0.02983398955752366
0.0006000003609711709,0.02983398955296396
0.0006000003652194255,0.02983398954534928
0.0006000003688586669,0.02983398953637105
0.0006000003714441973,0.02983398952884787
0.0006000003735467687,0.02983398952221126
0.0006000003762416797,0.02983398951334184
0.0006000003788158321,0.02983398950479474
0.0006000003813948179,0.02983398949646198
0.0006000003844207651,0.02983398948736691
0.0006000003880208433,0.02983398947801227
0.0006000003921421938,0.02983398946986173
0.0006000003967826957,0.02983398946459848
0.0006000004019822372,0.02983398946422766
0.0006000004078089646,0.02983398947117429
0.0006000004143888761,0.02983398948839679
0.0006000004219291994,0.02983398951959255
0.0006000004301279068,0.02983398956544418
0.0006000004391629754,0.02983398962672031
0.0006000004467325956,0.0298339896835374
0.0006000004528200487,0.02983398973071552
0.0006000004578452001,0.02983398976935051
0.0006000004624739097,0.02983398980368122
0.0006000004671744871,0.02983398983637634
0.0006000004719086887,0.02983398986620228
0.0006000004769670122,0.02983398989362775
0.0006000004826705702,0.02983398991775345
0.000600000488183906,0.02983398993299635
0.0006000004926425663,0.02983398993875694
0.0006000004963292562,0.02983398993864506
0.0006000004990003566,0.02983398993562506
0.000600000501108395,0.02983398993141608
0.0006000005045213827,0.02983398992101871
0.0006000005072041729,0.02983398990964926
0.0006000005092897967,0.02983398989882423
0.0006000005115527292,0.02983398988507706
0.0006000005147336982,0.0298339898621745
0.0006000005172735307,0.02983398984086011
0.0006000005198793527,0.02983398981617708
0.0006000005230868374,0.02983398978185032
0.0006000005268980833,0.02983398973534151
0.0006000005312169277,0.0298339896749966
0.0006000005360614398,0.0298339895973762
0.0006000005414844157,0.02983398949754582
0.0006000005475721683,0.02983398936835898
0.0006000005544797908,0.0298339891983326
0.0006000005623131819,0.02983398897239626
0.0006000005709149424,0.02983398867824071
0.0006000005804687111,0.0298339882852273
0.0006000005912660822,0.02983398774050579
0.0006000006037411258,0.0298339869520368
0.0006000006176969744,0.0298339858329083
0.0006000006310460227,0.02983398450028176
0.000600000647068033,0.02983398254006552
0.0006000006643354903,0.0298339799955813
0.0006000006892778859,0.02983397568561396
0.0006000007152232765,0.02983397082028462
0.000600000730014166,0.02983396806055959
0.0006000007456707621,0.02983396537364204
0.0006000007573918984,0.0298339636441306
0.0006000007662302213,0.02983396256598426
0.0006000007738616618,0.02983396183427272
0.0006000007829619338,0.02983396125829181
0.000600000790333471,0.02983396106379124
0.0006000008016426808,0.0298339613273959
0.0006000008137873793,0.02983396248795489
0.0006000008257593553,0.02983396465405801
0.0006000008364694443,0.02983396756057129
0.000600000841736486,0.02983396934958429
0.0006000008472971393,0.02983397151556016
0.000600000851296745,0.02983397325773231
0.000600000854678674,0.02983397485564003
0.0006000008574848839,0.02983397627073704
0.0006000008613714569,0.02983397836829901
0.000600000864208,0.02983398000213625
0.0006000008664137363,0.02983398133386637
0.0006000008690103299,0.02983398297168994
0.0006000008712739683,0.02983398446238683
0.0006000008746099724,0.02983398676834637
0.0006000008798011174,0.02983399062187779
0.0006000008849573489,0.02983399477753071
0.0006000008906473253,0.02983399975401107
0.0006000008961331141,0.02983400495066966
0.0006000009010033574,0.02983400990045081
0.0006000009052502379,0.02983401448046973
0.0006000009091347953,0.02983401888905549
0.0006000009130647552,0.02983402356600259
0.0006000009185703467,0.0298340304914141
0.0006000009243052921,0.0298340381759824
0.0006000009297313945,0.02983404589562854
0.0006000009356699444,0.02983405485255622
0.0006000009424814252,0.02983406579069091
0.0006000009498964218,0.02983407851833916
0.000600000957745365,0.02983409293759496
0.0006000009660358078,0.02983410924179304
0.0006000009748003683,0.02983412769541868
0.0006000009840928733,0.0298341486439963
0.000600000994007211,0.02983417258000741
0.0006000010046643499,0.02983420014629648
0.0006000010162061569,0.02983423214996028
0.0006000010288190812,0.02983426966263561
0.0006000010427168419,0.02983431401402817
0.000600001058165344,0.02983436690273908
0.0006000010755259611,0.02983443058064095
0.0006000010953045623,0.02983450804566962
0.0006000011142956042,0.02983458661066336
0.0006000011280222293,0.02983464545036448
0.0006000011383999227,0.02983469083829908
0.0006000011506440493,0.02983474503362556
0.0006000011638299144,0.02983480373049539
0.0006000011805726683,0.02983487788217742
0.0006000012061328249,0.02983498730457385
0.0006000012384588243,0.0298351116198125
0.0006000012725012896,0.02983521339297458
0.0006000013016956788,0.02983526577193546
0.0006000013291184393,0.02983527485786971
0.0006000013565676317,0.0298352334061391
0.0006000013847040092,0.02983512454254733
0.0006000014144249365,0.0298349196282955
0.0006000014464614446,0.029834572169991
0.0006000014815084266,0.02983400802115503
0.0006000015204077445,0.02983310953198081
0.0006000015642474169,0.02983168054376589
0.0006000016145364541,0.02982938156550492
0.0006000016567983486,0.02982680672359991
0.0006000016996367028,0.029823486031649
0.0006000017399492051,0.02981960648915706
0.0006000017836296907,0.02981446125536497
0.0006000018604989044,0.02980263715388728
0.0006000019389514532,0.02978643653115576
0.0006000020272130228,0.02976253416672046
0.0006000021251897332,0.02972809918049989
0.0006000022293248813,0.02968141845177191
0.0006000023352985752,0.0296223021481777
0.0006000024410388439,0.02955079976751631
0.0006000025477372133,0.02946524957822401
0.0006000026581777232,0.02936189235678001
0.0006000027748953708,0.02923575312626541
0.0006000029005265631,0.02908014000682082
0.0006000030336548114,0.02889255222828941
0.0006000031702135742,0.02867589339345177
0.0006000033123431393,0.02842466574431882
0.0006000034622893304,0.0281319203420821
0.0006000036224115853,0.02778920714374175
0.0006000037906830712,0.02739750603766955
0.0006000039591053743,0.02697552655486625
0.00060000412332729,0.02653792171820131
0.0006000042900968643,0.02607011794657007
0.0006000044598758919,0.02557294815279767
0.0006000046342381101,0.02504401097807435
0.0006000048118034833,0.02449008317654061
0.0006000049932923777,0.0239119674275684
0.0006000051787876745,0.02331263668445217
0.000600005368660659,0.02269430796117727
0.0006000055631185577,0.022059837566988
0.000600005762841879,0.02141061182627757
0.0006000059689953074,0.02074654469034359
0.0006000061832674067,0.02006610105050304
0.0006000064069815944,0.01936929102131094
0.0006000066414829757,0.0186564950465747
0.0006000068889211212,0.01792626003901027
0.0006000071454972321,0.0171946416065805
0.0006000074122124452,0.0164630567984636
0.0006000076903015044,0.01573248155726891
0.0006000079798578958,0.01500694869721883
0.0006000082836363872,0.01428400625634617
0.00060000860384453,0.01356341102342167
0.0006000089423430242,0.01284635932973717
0.0006000093022974744,0.012132042245449
0.0006000096873705264,0.01141989230087295
0.0006000101012388215,0.01071061879345697
0.0006000105458866153,0.01000866068328915
0.0006000110238661633,0.009317758506901693
0.0006000115356365563,0.00864448609746616
0.0006000120723381396,0.008004981541327134
0.0006000126262343258,0.007408975097892281
0.0006000131828811735,0.006868422089802344
0.0006000137456781974,0.006374861735518003
0.0006000143302890371,0.005912205295856154
0.0006000150156941252,0.005426783727022418
0.0006000157309983526,0.004977530473389933
0.0006000164751499383,0.004564036530864492
0.000600017256570378,0.004180828313937951
0.000600018173763631,0.003787731111224744
0.0006000191583461061,0.003423295895796841
0.0006000202127576872,0.003088159979666031
0.000600021346116116,0.002780537727889552
0.0006000225649993709,0.002499632208587421
0.0006000238842453355,0.002243352877264975
0.0006000253237676466,0.002009510279818514
0.0006000269005415952,0.00179638746923176
0.0006000286185731218,0.001603981945579839
0.0006000305130100945,0.001427918151482075
0.0006000325373634677,0.001264874978716257
0.0006000347930639681,0.001085657638529966
0.0006000364672909833,0.000966057538618081
0.0006000380642418978,0.0008660584562560701
0.0006000395359380835,0.0007855599453553878
0.0006000412760800072,0.0007026864535775559
0.0006000435306987324,0.0006098563555373602
0.000600045554822049,0.0005398281971708414
0.0006000473750431543,0.0004866451478755991
0.0006000494608974984,0.0004351561813234212
0.0006000520088829206,0.0003834154861747265
0.0006000552672247107,0.000331140448564085
0.0006000586619016914,0.0002885059660942204
0.0006000614960427973,0.0002604149000828855
0.0006000650697148615,0.0002323654863913447
0.0006000685282038858,0.0002109569892038508
0.0006000723916953151,0.0001917792127098252
0.0006000764625275341,0.0001754149971315968
0.0006000806810051688,0.0001613962866414482
0.0006000850813308016,0.0001490205838839813
0.0006000896596633031,0.0001378765486623266
0.0006000944240383351,0.0001276436313772322
0.0006000993861589331,0.0001181052861804375
0.0006001045562162053,0.0001091383581414576
0.0006001099498506891,0.000100678711430767
0.0006001113599619457,9.861541616860591e-05
0.0006001141801844593,9.465067196417465e-05
0.0006001159954156298,9.221090624340889e-05
0.0006001177182500732,8.997793133830357e-05
0.0006001200279040524,8.711817464740079e-05
0.0006001229514601201,8.373667726029766e-05
0.000600126232313005,8.027970531387041e-05
0.0006001294773647443,7.721931626923607e-05
0.0006001330076206403,7.428201310640503e-05
0.0006001357013235436,7.229745786514031e-05
0.0006001383675546839,7.052764645873566e-05
0.0006001414296567703,6.869699839101883e-05
0.0006001450089451577,6.677741485186318e-05
0.0006001493574789872,6.46866311155918e-05
0.0006001546076033427,6.241132799191008e-05
0.0006001608166775312,5.995143916510415e-05
0.0006001683592929436,5.71691985455729e-05
0.0006001785261088909,5.363328584194704e-05
0.0006001897783158736,4.994663190326776e-05
0.0006001987603989819,4.716100832560955e-05
0.0006002070222388722,4.466106540156289e-05
0.0006002146857956422,4.235934390356278e-05
0.000600222313978939,4.009544757970929e-05
0.000600230285493972,3.778957809983296e-05
0.0006002387272291188,3.54443436448193e-05
0.0006002477006475344,3.308087439384622e-05
0.0006002571946714066,3.073510459077511e-05
0.0006002671874171772,2.843838923794095e-05
0.0006002776657086965,2.621336679190733e-05
0.0006002886168373124,2.407725920951975e-05
0.000600300021186157,2.204401504367581e-05
0.0006003118447838919,2.012556249710684e-05
0.000600324085021534,1.832489843229013e-05
0.0006003369487001027,1.661632274892355e-05
0.0006003504208218574,1.500848075057348e-05
0.0006003644838335852,1.350720589480403e-05
0.0006003791215354968,1.211529444094595e-05
0.0006003943193759982,1.083297279397755e-05
0.0006004100837810885,9.657077325442742e-06
0.0006004264369072337,8.582650106930601e-06
0.0006004434132518041,7.603935853047972e-06
0.0006004610576031584,6.714908442241097e-06
0.0006004794230351881,5.909599894025064e-06
0.0006004985703834491,5.182246807983404e-06
0.0006005185684918055,4.527342530607826e-06
0.0006005394949375284,3.939647967818871e-06
0.000600561437180838,3.414184370342355e-06
0.0006005844940607044,2.946046538816916e-06
0.0006006087776784144,2.530207735873091e-06
0.0006006344156985943,2.162484255677555e-06
0.0006006615539930941,1.839201987216654e-06
0.0006006903602082067,1.55688433697776e-06
0.0006007210280690974,1.312326247173701e-06
0.0006007537824783571,1.102993817823972e-06
0.0006007888858396319,9.281200757058628e-07
0.0006008266475626323,7.929096677727899e-07
0.0006008674384102105,7.325435604954578e-07
0.0006009117481796599,9.822744217515833e-07
0.0006009605986351411,1.20821853183628e-06
0.0006010135752045392,1.313077927186157e-06
0.0006010621182376884,1.170392275838594e-06
0.0006011229698733417,9.409593303288944e-07
0.0006011914667315296,7.332579297809616e-07
0.0006012702304101975,5.536660620961698e-07
0.0006013610028659598,4.015940907180493e-07
0.0006014627051670732,2.805757368591344e-07
0.0006015759736082381,1.882075193151423e-07
0.0006017031422846404,1.199233490041252e-07
0.0006018474592811078,7.137235527920893e-08
0.0006020133966362268,3.857913330307383e-08
0.0006022071894599072,1.796451336844029e-08
0.0006024379864251467,6.317795090637901e-09
0.0006027200655617628,8.059777414359814e-10
0.0006030772271208506,-9.764540322976245e-10
0.0006035526379601321,-9.328723820090091e-10
0.0006042346458361152,-3.826704784160029e-10
0.0006052402801172029,-2.648714314545941e-11
0.0006064479463613949,3.540214521535745e-11
0.0006079021228814561,1.532912108359597e-11
0.0006096668002741974,1.430471741059591e-12
0.0006118198195453052,-7.803109269843844e-13
0.000614469223463167,-2.913509433710715e-13
0.0006177404395340969,-4.618527782440651e-15
0.0006217831324729102,1.450217723686364e-14
0.0006267794002140857,4.028777311759768e-15
0.0006329530468595993,1.996625087485882e-15
0.0006405816454882244,2.138733634637901e-15
0.0006500099934479139,2.202682480856311e-15
0.000661666071322768,2.202682480856311e-15
0.000673666071322768,2.202682480856311e-15
0.0006856660713227679,2.202682480856311e-15
0.0006976660713227679,2.19557705349871e-15
0.0007000000000000001,2.202682480856311e-15
0.0007000000265708975,2.202682480856311e-15
0.0007000000460041865,2.202682480856311e-15
0.000700000056713442,2.202682480856311e-15
0.0007000000683882931,2.202682480856311e-15
0.0007000000777615567,2.216893335571513e-15
0.0007000000871026088,2.223998762929114e-15
0.0007000000968507066,2.216893335571513e-15
0.0007000001063285715,2.216893335571513e-15
0.0007000001134184835,2.202682480856311e-15
0.0007000001194156783,2.19557705349871e-15
0.0007000001244271263,2.181366198783508e-15
0.0007000001292273548,2.174260771425907e-15
0.0007000001349160941,2.181366198783508e-15
0.0007000001412808501,2.174260771425907e-15
0.0007000001424830002,2.174260771425907e-15
0.0007000001435749295,2.188471626141109e-15
0.0007000001451799216,2.202682480856311e-15
0.0007000001464872065,2.202682480856311e-15
0.0007000001477802927,2.19557705349871e-15
0.0007000001493729615,2.188471626141109e-15
0.0007000001516145321,2.181366198783508e-15
0.0007000001558944477,2.174260771425907e-15
0.0007000001628662887,2.188471626141109e-15
0.0007000001691494847,2.174260771425907e-15
0.000700000174041219,2.174260771425907e-15
0.0007000001803764525,2.174260771425907e-15
0.0007000001848670811,2.167155344068306e-15
0.000700000189055808,2.181366198783508e-15
0.000700000192975908,2.202682480856311e-15
0.0007000001959220621,2.188471626141109e-15
0.0007000001979610311,2.174260771425907e-15
0.0007000002000000001,2.167155344068306e-15
0.0007000002011367097,2.160049916710705e-15
0.0007000002023538187,2.145839061995502e-15
0.0007000002040918673,2.124522779922699e-15
0.0007000002074042668,2.124522779922699e-15
0.0007000002097407658,2.117417352565098e-15
0.0007000002123129647,2.124522779922699e-15
0.0007000002155112121,2.1316282072803e-15
0.00070000021948355,2.117417352565098e-15
0.0007000002244969672,2.124522779922699e-15
0.0007000002308138394,2.138733634637901e-15
0.0007000002372324364,2.145839061995502e-15
0.0007000002437728364,2.138733634637901e-15
0.0007000002478600748,2.138733634637901e-15
0.0007000002517892535,2.1316282072803e-15
0.0007000002559014641,2.160049916710705e-15
0.0007000002602833609,2.160049916710705e-15
0.0007000002649336994,2.160049916710705e-15
0.0007000002696715173,2.145839061995502e-15
0.0007000002748291341,2.138733634637901e-15
0.0007000002814650174,2.145839061995502e-15
0.0007000002869958696,2.152944489353104e-15
0.0007000002918837186,2.160049916710705e-15
0.0007000002956082761,2.145839061995502e-15
0.0007000003004217485,2.138733634637901e-15
0.0007000003080305754,2.103206497849896e-15
0.0007000003122614745,2.074784788419492e-15
0.0007000003161582906,2.046363078989089e-15
0.0007000003213854473,1.996625087485882e-15
0.0007000003258435159,1.961097950697877e-15
0.0007000003300978249,1.932676241267473e-15
0.0007000003343047922,1.861621967691463e-15
0.0007000003377928212,1.818989403545857e-15
0.00070000034128085,1.740829702612245e-15
0.0007000003423415303,1.733724275254644e-15
0.0007000003435023657,1.691091711109039e-15
0.0007000003458240361,1.641353719605832e-15
0.00070000034774829,1.627142864890629e-15
0.0007000003496471645,1.591615728102624e-15
0.0007000003521764697,1.534772309241816e-15
0.0007000003563642497,1.399769189447397e-15
0.000700000360443799,1.257660642295377e-15
0.0007000003639604568,1.115552095143357e-15
0.0007000003672147047,9.876544027065393e-16
0.0007000003704958241,8.597567102697212e-16
0.0007000003747452181,6.323830348264891e-16
0.0007000003784097519,3.979039320256561e-16
0.0007000003815478811,1.91846538655227e-16
0.0007000003843008365,0
0.0007000003864890559,-1.63424829224823e-16
0.0007000003884329511,-3.055333763768431e-16
0.0007000003906322248,-4.689582056016661e-16
0.0007000003927686341,-6.394884621840901e-16
0.0007000003950922119,-8.455458555545193e-16
0.0007000003979390499,-1.101341240428155e-15
0.0007000004023636103,-1.541877736599417e-15
0.0007000004072231201,-2.06057393370429e-15
0.0007000004114314743,-2.515321284590755e-15
0.0007000004150758221,-2.948752353404416e-15
0.0007000004204378837,-3.623767952376511e-15
0.000700000425542,-4.270361841918202e-15
0.0007000004309744584,-4.966693722963101e-15
0.0007000004350819909,-5.513811629498378e-15
0.0007000004383710805,-5.940137270954437e-15
0.0007000004417377672,-6.359357485052897e-15
0.0007000004459947714,-6.863842827442568e-15
0.0007000004513599289,-7.425171588693046e-15
0.0007000004564738046,-7.901235221652315e-15
0.0007000004618238151,-8.270717444247566e-15
0.0007000004674823828,-8.512301974406e-15
0.0007000004728028517,-8.554934538551606e-15
0.0007000004779072668,-8.455458555545192e-15
0.0007000004848193952,-8.036238341446733e-15
0.0007000004891117192,-7.617018127348274e-15
0.0007000004932625509,-7.112532784958604e-15
0.0007000004974447937,-6.544098596350523e-15
0.0007000005012947762,-5.975664407742442e-15
0.000700000505904582,-5.279332526697544e-15
0.0007000005111919024,-4.625633209798252e-15
0.0007000005140914358,-4.355626970209414e-15
0.0007000005167488298,-4.213518423057394e-15
0.0007000005213876174,-4.320099833421409e-15
0.0007000005248547251,-4.789058039023076e-15
0.0007000005284290238,-5.748290732299211e-15
0.0007000005341627478,-8.682832230988424e-15
0.0007000005420456358,-1.681854655544157e-14
0.0007000005503880019,-3.306155349491746e-14
0.0007000005590712667,-6.210854053279035e-14
0.0007000005677707938,-1.087556711354409e-13
0.0007000005777647016,-1.931041992975224e-13
0.0007000005887713416,-3.393125780348782e-13
0.0007000005999408395,-5.662741386913694e-13
0.0007000006105952946,-8.813856311462587e-13
0.0007000006197536426,-1.250576531219849e-12
0.0007000006312141282,-1.879996602838219e-12
0.0007000006446059664,-2.923314923464204e-12
0.0007000006601541095,-4.689411525760079e-12
0.0007000006763203308,-7.366359966454183e-12
0.0007000006963434456,-1.231610013974205e-11
0.0007000007135917047,-1.846194663812639e-11
0.0007000007288979515,-2.575873736532231e-11
0.0007000007439413963,-3.500444734072517e-11
0.0007000007591581635,-4.68550496179887e-11
0.0007000007748731071,-6.217677395170541e-11
0.0007000007926267471,-8.383290150959511e-11
0.0007000008121161039,-1.135926055439995e-10
0.0007000008340978816,-1.553974513512912e-10
0.0007000008590713802,-2.139411279244996e-10
0.0007000008875903282,-2.944408095117979e-10
0.0007000009205729839,-4.013681476067177e-10
0.0007000009594805648,-5.322384240002976e-10
0.0007000010037604158,-6.512581123274685e-10
0.0007000010360186614,-6.900035174339792e-10
0.0007000010679071991,-6.564753860516248e-10
0.0007000010941071655,-5.519858348179696e-10
0.0007000011161543544,-3.934358119295211e-10
0.0007000011379387668,-1.57361448316351e-10
0.0007000011588639813,1.58489370960524e-10
0.0007000011912434765,8.59691652976835e-10
0.0007000012248499132,1.915674715746718e-09
0.0007000012567500828,3.285553340504066e-09
0.0007000012901604989,5.172363238159505e-09
0.0007000013280436635,7.965511549912207e-09
0.0007000013694288805,1.193475408456379e-08
0.0007000014172105829,1.789275730601503e-08
0.000700001462774158,2.51259715966512e-08
0.0007000015092081019,3.424326316547876e-08
0.000700001562260255,4.70591121413122e-08
0.0007000016253183942,6.597078495218511e-08
0.0007000017013013752,9.46014501792547e-08
0.0007000017252250857,1.049895208780072e-07
0.0007000017581076055,1.204612883753953e-07
0.0007000017834835932,1.332924148371717e-07
0.0007000018095181198,1.473317246549755e-07
0.0007000018516374412,1.719702025937409e-07
0.0007000018942426278,1.993676740781325e-07
0.0007000019318626493,2.257056038601491e-07
0.0007000019752546598,2.585758707098762e-07
0.0007000020180791912,2.937173604777854e-07
0.0007000020568160815,3.278491294196329e-07
0.0007000020944696216,3.631814986206905e-07
0.0007000021324949301,4.010358578128148e-07
0.0007000021716443597,4.423107369717627e-07
0.000700002212267942,4.876232638721945e-07
0.0007000022545479382,5.376672669683558e-07
0.0007000022987595229,5.927855667735571e-07
0.0007000023452647305,6.540544315356556e-07
0.0007000023944622642,7.225069484846358e-07
0.0007000024467495672,7.995159761478021e-07
0.0007000025035889649,8.878897460533608e-07
0.0007000025653389865,9.89530174045683e-07
0.0007000026226957357,1.089138493732378e-06
0.0007000026833478781,1.199851981631639e-06
0.0007000027459357795,1.319825248970119e-06
0.0007000028087969933,1.446092213072347e-06
0.0007000028756670444,1.58664879685233e-06
0.000700002942076919,1.732479993634684e-06
0.0007000030111776148,1.890680055055327e-06
0.0007000030878461646,2.073735802497367e-06
0.0007000031699117198,2.278262771731931e-06
0.0007000032595275102,2.511565991028419e-06
0.0007000033517742142,2.762486327739566e-06
0.0007000034125407472,2.93377739578915e-06
0.0007000034752353907,3.115563192942261e-06
0.0007000035226527379,3.2565273805929e-06
0.0007000035637302434,3.381108992961402e-06
0.0007000036116194834,3.529309848666174e-06
0.000700003667272583,3.705658938415013e-06
0.0007000037079980745,3.837599231864886e-06
0.0007000037498628294,3.975859034042628e-06
0.0007000038091762779,4.176459801612964e-06
0.000700003889171931,4.456119821774963e-06
0.0007000039564965049,4.699923192518441e-06
0.0007000040195242292,4.935410931231843e-06
0.0007000040821983203,5.176701287510354e-06
0.0007000041718963527,5.534583334714683e-06
0.0007000042664179736,5.92771599355757e-06
0.0007000043831699572,6.435381775375504e-06
0.0007000045178909798,7.049235790780984e-06
0.0007000046476623557,7.664892977956583e-06
0.0007000047721948084,8.272905741492309e-06
0.0007000048954555568,8.885500763874176e-06
0.000700005007418841,9.446369103912389e-06
0.0007000051110416112,9.965723927969351e-06
0.000700005209421305,1.045678086560997e-05
0.0007000053037774029,1.092452101388375e-05
0.0007000053939995694,1.136795478359431e-05
0.0007000054808979091,1.179089754299412e-05
0.0007000055643013494,1.219248208364121e-05
0.0007000056417094384,1.256116192195833e-05
0.0007000057096049027,1.288191581457454e-05
0.0007000057628772151,1.313353256954031e-05
0.0007000058025195167,1.332023348124523e-05
0.0007000058425676056,1.350739999946171e-05
0.0007000058807110674,1.368460298882468e-05
0.0007000059223115406,1.387724147090097e-05
0.000700005973862295,1.411530699491692e-05
0.0007000060514622596,1.447250049606197e-05
0.0007000061382134843,1.487070548384395e-05
0.0007000062338290539,1.53098355590231e-05
0.0007000062731745523,1.54922192944511e-05
0.0007000063102976426,1.566542743618271e-05
0.0007000063705951448,1.594803695922309e-05
0.0007000064293088528,1.62241309668616e-05
0.0007000064878606931,1.650015108564418e-05
0.0007000065490530444,1.678929388434369e-05
0.0007000066124047991,1.708929810480697e-05
0.0007000066786845498,1.740383781272215e-05
0.0007000067511382672,1.774845594103169e-05
0.0007000068293373366,1.812130817215518e-05
0.000700006912820664,1.852036489213305e-05
0.000700007002780511,1.89514876729433e-05
0.0007000071009264624,1.942305039815295e-05
0.0007000072089799516,1.994351518093396e-05
0.0007000073287968858,2.052199944140654e-05
0.0007000074581783957,2.114795582591711e-05
0.0007000075387579125,2.153838260760921e-05
0.0007000076119659769,2.189337450874263e-05
0.0007000077343624013,2.248720769696177e-05
0.0007000078655133845,2.312366361281448e-05
0.0007000080107770246,2.382832085417164e-05
0.0007000081713833454,2.460622969812931e-05
0.000700008349862362,2.546860496195791e-05
0.0007000085258791158,2.631590155416319e-05
0.0007000086964278308,2.713278828026944e-05
0.0007000088658254267,2.79392810783321e-05
0.0007000090344681538,2.873598618666051e-05
0.0007000092072265447,2.954559860619099e-05
0.0007000093866879842,3.037802791968858e-05
0.0007000095745697316,3.123869396923595e-05
0.0007000097720700733,3.212915900112278e-05
0.0007000099735590924,3.301897231408191e-05
0.0007000101912300702,3.395211336477644e-05
0.0007000104252534111,3.490963549020876e-05
0.000700010675963784,3.585432713027359e-05
0.0007000109446743929,3.671718628095277e-05
0.0007000112320628137,3.737649525069742e-05
0.0007000115385588251,3.766908012546821e-05
0.0007000118630255317,3.742482142726544e-05
0.000700012167728366,3.657805250634283e-05
0.0007000124014770214,3.540673777075653e-05
0.0007000126377829151,3.356628392139527e-05
0.0007000129606356609,2.943128797223693e-05
0.0007000132656005885,2.310425146443151e-05
0.0007000135386015405,1.481540919181157e-05
0.0007000138274463489,2.695196608598849e-06
0.0007000141354988976,-1.464467233868305e-05
0.0007000144788794053,-3.989508395090269e-05
0.0007000148562549946,-7.515251407607338e-05
0.0007000152297769246,-0.0001176685420993309
0.0007000155996687125,-0.0001667332139862694
0.000700015994097862,-0.0002257563060055432
0.0007000164191588855,-0.0002956930436876704
0.0007000168005793487,-0.0003627007805013136
0.0007000171337657431,-0.0004234907643983234
0.0007000175691227327,-0.0005044119410967838
0.0007000180284996401,-0.0005893199442308586
0.0007000184305585519,-0.0006603900854339884
0.0007000188499879697,-0.0007243129630973684
0.0007000193057795016,-0.0007711742847900425
0.0007000198233268417,-0.0007935230676603453
0.0007000204373142451,-0.0007864139297076349
0.0007000211822417728,-0.000748606738366739
0.0007000219995291049,-0.0006910613435776867
0.0007000229094405203,-0.0006231650699454647
0.0007000240026602394,-0.000546681754616543
0.0007000252360729677,-0.0004708241219162091
0.0007000265240242632,-0.0004031125424459461
0.00070002786950664,-0.0003432006567557195
0.0007000292794372329,-0.0002903061997430569
0.0007000307602457002,-0.0002437547974354786
0.0007000323253102905,-0.0002028018202656199
0.0007000339875555406,-0.0001668921543789566
0.0007000357641033132,-0.0001355130801466373
0.0007000376691738545,-0.0001083108738396987
0.0007000397214234712,-8.492879541945087e-05
0.0007000419447622963,-6.502518355571851e-05
0.0007000443690172091,-4.828463803008987e-05
0.0007000470322621754,-3.44121674997453e-05
0.0007000499836639303,-2.313061554365703e-05
0.0007000531617286302,-1.447283284157663e-05
0.0007000564825649239,-8.178114946048253e-06
0.0007000599545737211,-3.692432043820304e-06
0.0007000635920112184,-5.629932253512494e-07
0.0007000674141308331,1.56643656245592e-06
0.0007000714453698902,2.969995620638599e-06
0.000700075710149595,3.854437928119125e-06
0.0007000802350158318,4.376137628277377e-06
0.0007000850504039149,4.655648705082171e-06
0.0007000901921086594,4.828579912256714e-06
0.0007000917785604596,5.095156335947593e-06
0.00070009337069263,5.652252512639677e-06
0.0007000943952581101,5.948848823535968e-06
0.0007000953233273941,6.191467072028445e-06
0.000700096836093925,6.530194411780599e-06
0.0007000989115749125,6.896205631690577e-06
0.0007001017626155511,7.2512333690824e-06
0.0007001056996257551,7.537948199143329e-06
0.0007001115060166784,7.693140957272249e-06
0.0007001186477557141,7.687916557500784e-06
0.0007001215952729502,7.711531743417765e-06
0.0007001245284267289,7.819671423852981e-06
0.0007001272583373777,8.000545965622053e-06
0.0007001304756547504,8.2611292585284e-06
0.0007001340463466871,8.539173540562218e-06
0.0007001348717407575,8.575621159423009e-06
0.0007001365225288985,5.947422848983309e-06
0.0007001379132920043,-1.598313631711079e-05
0.0007001391366317901,-7.543732685022775e-05
0.0007001400880688898,-0.0001642070705579712
0.0007001413078002573,-0.0003579191366587935
0.0007001425311315497,-0.0006678105678231603
0.0007001437546489723,-0.001115983428496186
0.0007001450567140351,-0.00175856057136847
0.0007001464494653087,-0.002631551958047787
0.0007001479160192976,-0.003732303564775734
0.0007001492566303947,-0.004866747024590033
0.0007001504417136962,-0.005941525978201739
0.0007001515753846638,-0.007005810315868672
0.0007001526537578957,-0.008026631133620067
0.0007001536750847902,-0.008971329707039136
0.0007001545314842926,-0.009720729619065206
0.0007001552942057631,-0.01034252840488641
0.0007001562265700627,-0.01104141420197747
0.0007001573018623628,-0.0117755319092486
0.0007001583751612072,-0.01244960607893183
0.0007001593936066835,-0.0130504629029104
0.0007001604662412289,-0.01365496354463849
0.0007001616716163115,-0.01430933772127809
0.0007001630919534026,-0.01505417134129188
0.0007001648350260042,-0.01593556354779271
0.0007001669775105086,-0.01697412709643569
0.0007001695631447505,-0.01816419245565098
0.0007001726009528297,-0.01947308169501061
0.0007001757515794675,-0.02072375844271507
0.0007001785106718117,-0.02172319044296382
0.0007001809008402553,-0.02251042909171886
0.000700183045167553,-0.02314884739846486
0.0007001850734308276,-0.02368796167615529
0.0007001872553091949,-0.02419070895021103
0.0007001885870573205,-0.02445548505301324
0.0007001900001764343,-0.02469919230141296
0.0007001911837099396,-0.02487252023129718
0.0007001921241865128,-0.02498946080895389
0.0007001929588344614,-0.02507714191970425
0.0007001937474747789,-0.02514536483136025
0.000700194517368883,-0.02519755679717605
0.000700195287844933,-0.02523524343668225
0.000700196111386978,-0.02526061494225016
0.0007001970462263325,-0.02527569973697051
0.0007001978135654502,-0.02528280068726534
0.0007001984800970294,-0.02528948859833903
0.0007001991326534428,-0.02529971576291004
0.0007001998416948797,-0.02531728540451341
0.0007002006389742089,-0.02534642316906595
0.0007002015299614146,-0.02539080684191985
0.0007002024594198516,-0.02544893731517114
0.0007002033868404029,-0.02551649147587554
0.000700204345066925,-0.02559321499946854
0.0007002053613621874,-0.02567892840243076
0.0007002064678343804,-0.02577397707407968
0.0007002077135802371,-0.02588000941842293
0.000700209111725705,-0.0259953801126879
0.0007002105609127781,-0.02610989893698672
0.0007002121231557296,-0.02622784587722025
0.000700213891464558,-0.02635598781860212
0.0007002160465330526,-0.02650744347488631
0.0007002184928386711,-0.0266765821480778
0.0007002212603031188,-0.02686723115719051
0.0007002248041598157,-0.02711190528820483
0.0007002286862605108,-0.02738006608297516
0.0007002332591392759,-0.02769433669819664
0.0007002381677090305,-0.02802673703863904
0.0007002429753204767,-0.02834445056453308
0.000700246457345408,-0.02857095922809106
0.0007002504050280981,-0.02882690665017709
0.0007002553552008143,-0.0291476139270828
0.0007002593539867344,-0.02940570152815755
0.0007002631548680216,-0.02964905218112963
0.0007002673792865802,-0.02991630559338651
0.000700272345421335,-0.03022470440934744
0.0007002775453184564,-0.03053800820584285
0.000700281981347825,-0.03079537892479174
0.0007002865072188436,-0.03104741535377884
0.0007002921760920633,-0.03134719009865811
0.0007002973687449044,-0.03160471950103291
0.0007003010600219885,-0.03177633980762726
0.0007003038558252435,-0.03189863530869885
0.000700306056744808,-0.03198929042918144
0.0007003078791594105,-0.03206006090623688
0.0007003100771156396,-0.03213981013514814
0.0007003129079468844,-0.03223370784104596
0.0007003154880347475,-0.03231150652722424
0.0007003180648138443,-0.03238293437120383
0.0007003206466866552,-0.03244938150727772
0.000700323286431196,-0.03251313006577742
0.0007003261240746071,-0.03257800398397188
0.0007003294365748859,-0.03264986227358437
0.0007003328484379297,-0.03271966388330016
0.0007003347373266993,-0.03275653965850318
0.0007003364904762048,-0.03278985926058267
0.0007003384397798255,-0.03282631618428768
0.0007003409996018404,-0.03287393982887434
0.0007003437732417692,-0.03292566324130673
0.0007003473953488571,-0.0329934317983424
0.0007003512912894682,-0.03306606176115977
0.000700355475712668,-0.03314291757621251
0.0007003600566255331,-0.03322477691031963
0.0007003652981701062,-0.03331468451263461
0.0007003715863793426,-0.03341656137955275
0.0007003793476252879,-0.03353275006691413
0.0007003885965294062,-0.03365694403671571
0.0007003993803983702,-0.03378141294822455
0.0007004105894548585,-0.03388630582483539
0.0007004227830415512,-0.03396978994753745
0.0007004349896505706,-0.03401995101337743
0.0007004482625967332,-0.03404144343585108
0.0007004596823406374,-0.03403879600739279
0.0007004692478204935,-0.03401925654844822
0.0007004808706650504,-0.03397169362020701
0.000700489771418209,-0.03392109063249041
0.0007004981968137238,-0.03386491910074201
0.0007005074915511788,-0.03379516543683673
0.0007005192282181879,-0.03369544042687468
0.0007005338935242889,-0.03355054141144933
0.0007005475774081156,-0.03339290490447173
0.000700558228962852,-0.03325509332865673
0.0007005672014127115,-0.03312986345093998
0.0007005762969966889,-0.03299646261065711
0.0007005884013670872,-0.03281325279849721
0.0007006017262549615,-0.03261263991150588
0.000700611323762298,-0.03247514270580041
0.0007006197509637914,-0.03236035148258697
0.0007006314377895914,-0.03220896650814867
0.0007006468011671685,-0.03202203250779512
0.0007006658705957647,-0.03180803440874928
0.0007006895282982345,-0.03157060898236149
0.0007007170424292946,-0.03132980465494297
0.0007007418443971444,-0.03114075192397231
0.0007007660692532192,-0.03097845461743201
0.0007007916204294518,-0.03082856608884382
0.0007008179334840586,-0.03069621766463664
0.0007008466268107957,-0.03057245330111923
0.0007008748399713649,-0.03046731381190671
0.0007009044322056601,-0.03037228591169451
0.000700936151197086,-0.03028591654882905
0.000700971491429314,-0.03020586166226457
0.0007010106141583773,-0.03013338014714009
0.0007010525014943449,-0.03007104932856098
0.0007010977890256929,-0.03001801208299142
0.0007011480060094991,-0.02997262763132324
0.0007012041654282432,-0.02993686829983395
0.000701275340024813,-0.02990469363064877
0.0007013359308980416,-0.02988493446460259
0.0007014108354802838,-0.02986781210958559
0.0007015036091137069,-0.02985500365816637
0.0007016056772838487,-0.02984688812703777
0.0007017180822495659,-0.02984186789027952
0.0007018472679834078,-0.02983917539358992
0.0007019769138949045,-0.02983807375982879
0.0007021168238565165,-0.02983764197349216
0.0007022719430660726,-0.02983750560086686
0.0007024472923882615,-0.02983748874445618
0.0007026525022722905,-0.02983750587877711
0.0007029014952679842,-0.02983752386002637
0.0007032163266444528,-0.02983753353045607
0.0007036363866954646,-0.02983753627174676
0.0007042419098037011,-0.02983753608312868
0.0007052349505910603,-0.02983753562088934
0.0007067681375396149,-0.02983753551806091
0.0007086347055284589,-0.02983753552131752
0.0007109152879514739,-0.02983753552065289
0.0007137349265464888,-0.02983753552014213
0.0007172599116685074,-0.02983753552050674
0.000721743027145203,-0.02983753552063681
0.0007275301877980947,-0.02983753552063069
0.0007352532024395929,-0.02983753552062486
0.0007456839176952586,-0.02983753552062516
0.0007576839176952585,-0.0298375355206256
0.0007696839176952585,-0.02983753552062576
0.0007816839176952585,-0.02983753552062584
0.0007936839176952584,-0.02983753552062588
0.0008056839176952584,-0.02983753552062589
0.0008176839176952584,-0.02983753552062591
0.0008296839176952583,-0.02983753552062591
0.0008416839176952583,-0.02983753552062591
0.0008536839176952583,-0.02983753552062591
0.0008656839176952582,-0.02983753552062592
0.0008776839176952582,-0.02983753552062591
0.0008896839176952582,-0.02983753552062592
0.0009016839176952581,-0.02983753552062591
0.000913683917695258,-0.02983753552062592
0.000925683917695258,-0.02983753552062591
0.000937683917695258,-0.02983753552062591
0.000949683917695258,-0.02983753552062591
0.000961683917695258,-0.02983753552062591
0.0009736839176952579,-0.02983753552062591
0.0009856839176952577,-0.02983753552062591
0.000997683917695258,-0.02983753552062591
0.001,-0.02983753552062591
0.001000000026442463,-0.02983753552632356
0.001000000045702881,-0.0298375354691421
0.001000000057117814,-0.02983753544432387
0.001000000069074382,-0.02983753541985949
0.001000000078891089,-0.0298375354012357
0.001000000092333218,-0.02983753537894892
0.001000000103980538,-0.02983753536372394
0.001000000115521811,-0.0298375353526292
0.001000000126262007,-0.02983753534352018
0.001000000134812566,-0.02983753533270323
0.001000000140843476,-0.02983753532280338
0.001000000142713074,-0.02983753531951644
0.001000000144402226,-0.02983753531656608
0.001000000146340663,-0.02983753531329569
0.001000000148232233,-0.02983753531028095
0.00100000015046314,-0.02983753530699952
0.001000000153733667,-0.02983753530278781
0.001000000160274719,-0.0298375352966764
0.001000000171261914,-0.02983753529378973
0.00100000018174636,-0.0298375352999557
0.001000000188625563,-0.02983753530881596
0.001000000194941988,-0.02983753532031027
0.0010000002,-0.02983753533180471
0.001000000201477625,-0.02983753533545763
0.001000000203218819,-0.029837535339739
0.001000000206701207,-0.02983753534835504
0.001000000209887193,-0.02983753535665988
0.001000000212536799,-0.02983753536415163
0.00100000021563572,-0.02983753537385099
0.001000000218497412,-0.02983753538380258
0.001000000223383881,-0.02983753540296493
0.001000000227095904,-0.02983753541921899
0.001000000230946389,-0.02983753543746826
0.001000000237266308,-0.02983753547008788
0.001000000243563712,-0.02983753550551363
0.001000000248983708,-0.02983753553803902
0.001000000253388331,-0.02983753556565307
0.001000000258054285,-0.02983753559585606
0.001000000262598576,-0.02983753562603558
0.001000000268383249,-0.02983753566518827
0.001000000271148316,-0.02983753568410326
0.001000000273802327,-0.02983753570233531
0.001000000277894398,-0.02983753573051072
0.001000000281114608,-0.02983753575267831
0.001000000284321521,-0.02983753577468224
0.001000000287241492,-0.02983753579458561
0.00100000029045766,-0.02983753581625611
0.001000000295488979,-0.02983753584953525
0.001000000302533756,-0.02983753589455462
0.00100000030825117,-0.02983753592940353
0.001000000313324951,-0.02983753595870869
0.001000000318498815,-0.0298375359867561
0.001000000323026897,-0.02983753600971709
0.001000000327808905,-0.02983753603232489
0.001000000332532695,-0.02983753605292629
0.001000000337479404,-0.02983753607247321
0.001000000340843476,-0.02983753608444701
0.001000000342060987,-0.02983753608842027
0.001000000343316437,-0.02983753609239437
0.001000000345280222,-0.02983753609824733
0.001000000347277824,-0.02983753610368435
0.00100000034924909,-0.02983753610848637
0.001000000351863141,-0.02983753611390036
0.001000000356133424,-0.02983753612013523
0.001000000360970564,-0.02983753612298094
0.001000000365218908,-0.02983753612174854
0.001000000368858221,-0.02983753611814818
0.001000000371443872,-0.02983753611439582
0.001000000373546435,-0.0298375361107957
0.001000000376241441,-0.02983753610577874
0.001000000378815646,-0.0298375361008709
0.001000000381394584,-0.02983753609614493
0.001000000384420468,-0.02983753609123198
0.001000000388020501,-0.02983753608678385
0.00100000039214181,-0.02983753608415972
0.001000000396782266,-0.02983753608500565
0.001000000401981756,-0.02983753609134027
0.001000000407808424,-0.02983753610562998
0.001000000414388262,-0.02983753613093308
0.00100000042192849,-0.02983753617112124
0.001000000430126851,-0.02983753622643524
0.00100000043916212,-0.02983753629777947
0.001000000446732014,-0.02983753636274908
0.001000000452819659,-0.02983753641630155
0.001000000457844875,-0.02983753646007899
0.001000000462473654,-0.02983753649905378
0.001000000467174261,-0.02983753653637576
0.001000000471908446,-0.02983753657077283
0.001000000476966739,-0.02983753660298609
0.00100000048267023,-0.029837536632394
0.001000000488183641,-0.02983753665262886
0.001000000492642351,-0.02983753666234558
0.001000000496329076,-0.02983753666545121
0.00100000049900023,-0.02983753666473251
0.001000000501108271,-0.02983753666232225
0.001000000504521286,-0.0298375366548048
0.001000000507204096,-0.0298375366456714
0.001000000509289737,-0.02983753663656819
0.001000000511552621,-0.02983753662467326
0.001000000514733754,-0.02983753660434457
0.00100000051727361,-0.02983753658506244
0.0010000005198794,-0.02983753656244368
0.001000000523086866,-0.02983753653062837
0.001000000526898111,-0.0298375364870624
0.001000000531216953,-0.02983753642999925
0.001000000536061462,-0.02983753635599459
0.001000000541484434,-0.02983753626013176
0.001000000547572181,-0.02983753613530127
0.001000000554479796,-0.02983753597009695
0.001000000562313182,-0.02983753574947923
0.001000000570914937,-0.02983753546098791
0.001000000580468697,-0.02983753507405757
0.001000000591266058,-0.02983753453595559
0.001000000603741087,-0.02983753375480232
0.001000000617696932,-0.02983753264342963
0.001000000631045973,-0.02983753131778273
0.001000000647067984,-0.02983752936532869
0.001000000664335407,-0.02983752682837727
0.001000000689277785,-0.02983752252745625
0.00100000071522319,-0.02983751766875368
0.001000000730014097,-0.02983751491135709
0.001000000745670712,-0.02983751222557503
0.00100000075739186,-0.02983751049593078
0.001000000766230182,-0.02983750941708543
0.001000000773861633,-0.0298375086843286
0.001000000782961887,-0.02983750810653949
0.001000000790333419,-0.0298375079101058
0.001000000801642615,-0.02983750816989121
0.001000000813787313,-0.0298375093251524
0.001000000825759308,-0.02983751148477993
0.001000000836469486,-0.02983751438443705
0.001000000841737069,-0.02983751616988199
0.00100000084729829,-0.02983751833186526
0.001000000851298014,-0.02983752007089388
0.001000000854679587,-0.02983752166581167
0.001000000857485779,-0.02983752307847172
0.001000000861372001,-0.02983752517235113
0.001000000864208338,-0.02983752680342162
0.001000000866413721,-0.02983752813281974
0.001000000869011966,-0.0298375297691484
0.001000000871275329,-0.02983753125741958
0.001000000874609718,-0.02983753355883139
0.001000000879800351,-0.02983753740636447
0.00100000088495664,-0.02983754155621526
0.001000000890646628,-0.02983754652596292
0.001000000896132497,-0.02983755171591332
0.001000000901002687,-0.02983755665938593
0.001000000905249882,-0.02983756123412001
0.00100000090913439,-0.02983756563737071
0.001000000913064254,-0.0298375703087223
0.001000000918568777,-0.02983757722483817
0.001000000924303546,-0.02983758490055711
0.001000000929729678,-0.0298375926118354
0.00100000093566799,-0.02983760155891591
0.001000000942479138,-0.02983761248526146
0.001000000949893905,-0.0298376251998327
0.00100000095774265,-0.02983763960484286
0.001000000966032895,-0.02983765589352088
0.001000000974797242,-0.02983767433022168
0.001000000984089504,-0.02983769526030496
0.001000000994003553,-0.02983771917600817
0.001000001004660354,-0.02983774671992249
0.001000001016201754,-0.0298377786988386
0.001000001028814189,-0.02983781618408935
0.001000001042711365,-0.02983786050516399
0.001000001058159155,-0.02983791336057906
0.001000001075518885,-0.02983797700241939
0.001000001095296353,-0.02983805442957487
0.001000001114290921,-0.02983813298312323
0.001000001128017822,-0.02983819180971413
0.001000001138397797,-0.02983823719992113
0.00100000115063751,-0.02983829137057835
0.001000001163822684,-0.02983835006430193
0.001000001180562448,-0.02983842421248882
0.001000001206117506,-0.02983853365483743
0.001000001238439722,-0.02983865806814087
0.00100000127248641,-0.02983876005932998
0.001000001301682661,-0.02983881270079332
0.001000001329105512,-0.02983882211444459
0.00100000135655457,-0.0298387810866956
0.001000001384690344,-0.02983867277231762
0.001000001414410292,-0.02983846858595928
0.001000001446445533,-0.02983812210843301
0.001000001481490899,-0.02983755929912183
0.00100000152038816,-0.0298366626839615
0.001000001564225178,-0.02983523639245653
0.001000001614510707,-0.02983294143941883
0.001000001656791705,-0.02983036938100135
0.00100000169962635,-0.02982705376629556
0.001000001740037202,-0.02982316914226167
0.001000001783569886,-0.02981804765556802
0.001000001860416522,-0.02980624452527421
0.00100000193879167,-0.02979008400001774
0.001000002027030759,-0.02976622259429489
0.001000002124991442,-0.02973183880992114
0.001000002229127012,-0.02968521250832485
0.00100000233509784,-0.02962615834974521
0.001000002440839859,-0.02955471903729113
0.001000002547534213,-0.02946923970742955
0.001000002657964294,-0.02936596480332074
0.001000002774665949,-0.02923992181692051
0.001000002900274982,-0.02908442297489638
0.00100000303339981,-0.02889693097300128
0.001000003169950419,-0.02868037397346021
0.001000003312066359,-0.02842925714583163
0.00100000346199425,-0.02813663144058835
0.00100000362209212,-0.02779405026002498
0.001000003790355745,-0.02740243714061803
0.001000003964483753,-0.026965756607081
0.001000004147618344,-0.02647547933146895
0.001000004343198383,-0.02592131609826474
0.001000004555234527,-0.02529081965499414
0.001000004774185837,-0.02461420494370211
0.001000004993178953,-0.02391853541972689
0.001000005214370859,-0.02320361187628536
0.001000005440469165,-0.02246681040960343
0.001000005674591901,-0.02170394162988371
0.001000005920283355,-0.02090975382330582
0.001000006180547396,-0.02008161963630273
0.001000006456575323,-0.01922373383750547
0.001000006750281753,-0.01833898185324949
0.001000007063000068,-0.01743295482204129
0.001000007392365024,-0.01652188876837569
0.001000007727220746,-0.01564273238121177
0.001000008071881227,-0.01478786321833462
0.00100000843117028,-0.01395004704798423
0.00100000880949963,-0.01312491168550147
0.001000009211427182,-0.01230959129800943
0.001000009641229316,-0.01150355857117887
0.001000010103495146,-0.01070729662466862
0.001000010603508532,-0.009921754420710169
0.001000011148179608,-0.009147318687428263
0.001000011746236767,-0.008384381987987723
0.001000012391780413,-0.007651698234170887
0.001000013050370748,-0.00698947758006144
0.00100001372761711,-0.006386756348668193
0.00100001443028718,-0.005834151978762186
0.001000015166061761,-0.005324061667039061
0.001000015943151774,-0.004850742000468252
0.001000016767468719,-0.004411407197083214
0.001000017644847507,-0.004004056987091041
0.001000018582610992,-0.003626625975042856
0.001000019587650823,-0.003277801149142761
0.001000020667828922,-0.002956302106792357
0.001000021832338686,-0.00266081546671937
0.001000023091765614,-0.002390148977768668
0.001000024459684617,-0.002143292987877778
0.001000025956975711,-0.001917880762971137
0.001000027591278028,-0.001713596059738975
0.001000029375587245,-0.001528924771539245
0.001000031309409735,-0.001361467236137848
0.001000031837200519,-0.001320174560956531
0.001000032892782086,-0.001238752384608965
0.001000034659775936,-0.001098936478718031
0.001000036138875119,-0.0009909501876169174
0.001000037512742583,-0.0009011796233484049
0.00100003894434363,-0.000818466348266277
0.001000040600118373,-0.0007350263673644335
0.001000042588145156,-0.0006481384678992228
0.001000044570549776,-0.0005735742547372808
0.001000046515269146,-0.0005117900070706582
0.001000048302182835,-0.0004635799076328482
0.00100005054855435,-0.000412549405087816
0.001000053729498231,-0.0003546746524899902
0.001000057079842568,-0.0003075492474660919
0.001000060513557302,-0.0002696448309825286
0.001000063561773305,-0.0002434892189791142
0.001000066251713552,-0.0002247519637893731
0.001000069986479626,-0.0002034985186348379
0.001000073948044901,-0.0001853769104103549
0.00100007807100068,-0.0001699802775518293
0.001000082396123877,-0.0001565136046728242
0.001000086877323262,-0.0001446150043274486
0.001000091531915399,-0.0001338403146271503
0.00100009637551416,-0.0001238897343989578
0.001000101418051771,-0.0001145845815178887
0.001000106674080979,-0.0001058203426161697
0.001000112162205432,-9.755100902585667e-05
0.001000113448169236,-9.574338839123442e-05
0.001000116020096845,-9.226231868499469e-05
0.001000118174414816,-8.948532727083603e-05
0.001000120523865385,-8.661031251859442e-05
0.001000123579813975,-8.313113553403895e-05
0.001000126866907065,-7.97364614786602e-05
0.001000127689509935,-7.894461661858542e-05
0.001000129334715676,-7.743080112263101e-05
0.001000132046767016,-7.51318228124518e-05
0.001000134505677225,-7.324724044624276e-05
0.001000137135361285,-7.142223413302417e-05
0.001000140177128831,-6.952287895675368e-05
0.001000143685521538,-6.756275782118593e-05
0.001000147861993282,-6.547693319273407e-05
0.001000152860651088,-6.323482635040989e-05
0.001000158761368688,-6.082737387478688e-05
0.001000165825093895,-5.81582356644077e-05
0.001000174979285126,-5.490510995074516e-05
0.001000187971623717,-5.056217927188555e-05
0.001000197144550712,-4.768886276849571e-05
0.001000205819979039,-4.505501166689641e-05
0.001000213562867455,-4.272521811298446e-05
0.001000221106575869,-4.047817904627493e-05
0.001000228982082319,-3.818580972149732e-05
0.001000237313335546,-3.585113224570335e-05
0.001000246203356731,-3.348468879890732e-05
0.001000255637251162,-3.112576595063388e-05
0.001000265579848705,-2.881100524342628e-05
0.001000276011204885,-2.656580378048545e-05
0.001000286914335187,-2.44089574397961e-05
0.001000298270191045,-2.2354720540541e-05
0.001000310047574364,-2.041495744255428e-05
0.001000322202510149,-1.859893729889706e-05
0.001000334980789773,-1.687406682955839e-05
0.001000348368450972,-1.524923509971643e-05
0.001000362348492316,-1.373060598911735e-05
0.001000376905431724,-1.232126293984948e-05
0.001000392021740484,-1.102198556873191e-05
0.001000407701620971,-9.829903621366044e-06
0.00100042396545541,-8.740199528560311e-06
0.001000440846231764,-7.747164123287576e-06
0.001000458387546513,-6.844765619355542e-06
0.00100047664136761,-6.027005098978578e-06
0.00100049566740073,-5.288078373268945e-06
0.00100051553327058,-4.622435446727025e-06
0.001000536315185524,-4.024794825568279e-06
0.001000558099040151,-3.490137280373063e-06
0.001000580981861102,-3.013582932823056e-06
0.001000605073625533,-2.590057775059052e-06
0.00100063049951528,-2.215245273760047e-06
0.001000657402474412,-1.885424604246566e-06
0.001000685946634471,-1.5970916358512e-06
0.001000716321521298,-1.346983021733195e-06
0.001000748747010013,-1.132418000665325e-06
0.001000783479520356,-9.522391246576945e-07
0.001000820820275627,-8.101392802686291e-07
0.001000861129935286,-7.32648527915103e-07
0.00100090487087729,-9.064894720864913e-07
0.001000952931340653,-1.177932759532041e-06
0.001001005417974285,-1.322366487407578e-06
0.001001054781180832,-1.199055512472569e-06
0.001001114929191173,-9.692553552440587e-07
0.00100118224307616,-7.579266929838014e-07
0.001001259467525523,-5.751443841433002e-07
0.001001348553771755,-4.195963768154343e-07
0.001001448806792191,-2.946301187591871e-07
0.001001560450269494,-1.987892641821532e-07
0.001001685651912606,-1.276156376235349e-07
0.001001827527565502,-7.672155619076193e-08
0.001001990352624075,-4.208514065595636e-08
0.001002180083794958,-2.00744529550434e-08
0.001002405394675785,-7.429596820429651e-09
0.00100267971367676,-1.2655053538424e-09
0.001003025216912768,8.829416771050092e-10
0.001003481621300122,9.890822525449038e-10
0.001004128700258021,4.52447906695852e-10
0.001005112236872148,4.913152906738105e-11
0.001006293546443455,-3.518073299346725e-11
0.001007714263688487,-1.792217574347888e-11
0.001009437525260853,-2.273864652124758e-12
0.001011537918171886,7.341469654420507e-13
0.001014121514908641,3.705125095621043e-13
0.001017311124305131,2.26663132707472e-14
0.001021252915603314,-1.138289462687681e-14
0.001026124560980141,-3.623767952376511e-16
0.001032144188171071,2.373212737438735e-15
0.001039582273577252,2.287947609147523e-15
0.001048774830626076,2.202682480856311e-15
0.001060138978726966,2.202682480856311e-15
0.001072138978726966,2.202682480856311e-15
0.001084138978726966,2.202682480856311e-15
0.001096138978726966,2.202682480856311e-15
0.001108138978726966,2.202682480856311e-15
0.001120138978726966,2.202682480856311e-15
0.001132138978726966,2.19557705349871e-15
0.001144138978726966,2.19557705349871e-15
0.001156138978726967,2.19557705349871e-15
0.001168138978726967,2.19557705349871e-15
0.001180138978726967,2.19557705349871e-15
0.001190069489363483,2.19557705349871e-15
0.0012,2.19557705349871e-15
